{"cameraMode":{"drawMode":0,"name":"Shaded","section":"Shading Mode"},"sceneLighting":false,"audioPlay":false,"sceneViewState":{"m_AlwaysRefresh":false,"showFog":true,"showSkybox":true,"showFlares":true,"showImageEffects":true,"showParticleSystems":true,"showVisualEffectGraphs":true,"m_FxEnabled":true},"in2DMode":false,"pivot":{"x":-1.4996826648712159,"y":0.9990535974502564,"z":1.2400317192077637},"rotation":{"x":0.23007939755916596,"y":0.7600812911987305,"z":-0.3540304899215698,"w":0.49396753311157229},"size":3.444833755493164,"orthographic":false}